,precision,recall,f1-score,support
Chlorite-serpentine,0.0,0.0,0.0,0.0
Clinochlore,0.6666666666666666,0.3333333333333333,0.4444444444444444,6.0
Muscovite,0.625,1.0,0.7692307692307693,5.0
Talc,1.0,0.8333333333333334,0.9090909090909091,12.0
Variscite,0.0,0.0,0.0,0.0
accuracy,0.7391304347826086,0.7391304347826086,0.7391304347826086,0.7391304347826086
macro avg,0.4583333333333333,0.4333333333333333,0.4245532245532246,23.0
weighted avg,0.8315217391304348,0.7391304347826086,0.7574744096483227,23.0
